--
-- PostgreSQL database dump
--

-- Dumped from database version 12.6 (Ubuntu 12.6-0ubuntu0.20.04.1)
-- Dumped by pg_dump version 12.6 (Ubuntu 12.6-0ubuntu0.20.04.1)

SET statement_timeout = 0;
SET lock_timeout = 0;
SET idle_in_transaction_session_timeout = 0;
SET client_encoding = 'UTF8';
SET standard_conforming_strings = on;
SELECT pg_catalog.set_config('search_path', '', false);
SET check_function_bodies = false;
SET xmloption = content;
SET client_min_messages = warning;
SET row_security = off;

SET default_tablespace = '';

SET default_table_access_method = heap;

--
-- Name: ar_internal_metadata; Type: TABLE; Schema: public; Owner: postgres
--

CREATE TABLE public.ar_internal_metadata (
    key character varying NOT NULL,
    value character varying,
    created_at timestamp(6) without time zone NOT NULL,
    updated_at timestamp(6) without time zone NOT NULL
);


ALTER TABLE public.ar_internal_metadata OWNER TO postgres;

--
-- Name: audits; Type: TABLE; Schema: public; Owner: postgres
--

CREATE TABLE public.audits (
    id bigint NOT NULL,
    venue_name character varying,
    venue_capacity character varying,
    created_at timestamp(6) without time zone NOT NULL,
    updated_at timestamp(6) without time zone NOT NULL
);


ALTER TABLE public.audits OWNER TO postgres;

--
-- Name: audits_id_seq; Type: SEQUENCE; Schema: public; Owner: postgres
--

CREATE SEQUENCE public.audits_id_seq
    START WITH 1
    INCREMENT BY 1
    NO MINVALUE
    NO MAXVALUE
    CACHE 1;


ALTER TABLE public.audits_id_seq OWNER TO postgres;

--
-- Name: audits_id_seq; Type: SEQUENCE OWNED BY; Schema: public; Owner: postgres
--

ALTER SEQUENCE public.audits_id_seq OWNED BY public.audits.id;


--
-- Name: companies; Type: TABLE; Schema: public; Owner: postgres
--

CREATE TABLE public.companies (
    id bigint NOT NULL,
    name character varying,
    address character varying,
    lat character varying,
    lng character varying,
    phone_number character varying,
    link character varying,
    capacity character varying,
    created_at timestamp(6) without time zone NOT NULL,
    updated_at timestamp(6) without time zone NOT NULL,
    email character varying,
    percentage_full double precision,
    is_active boolean DEFAULT false,
    places_id character varying,
    rating character varying,
    is_open boolean,
    update_number integer DEFAULT 0
);


ALTER TABLE public.companies OWNER TO postgres;

--
-- Name: companies_id_seq; Type: SEQUENCE; Schema: public; Owner: postgres
--

CREATE SEQUENCE public.companies_id_seq
    START WITH 1
    INCREMENT BY 1
    NO MINVALUE
    NO MAXVALUE
    CACHE 1;


ALTER TABLE public.companies_id_seq OWNER TO postgres;

--
-- Name: companies_id_seq; Type: SEQUENCE OWNED BY; Schema: public; Owner: postgres
--

ALTER SEQUENCE public.companies_id_seq OWNED BY public.companies.id;


--
-- Name: indices; Type: TABLE; Schema: public; Owner: postgres
--

CREATE TABLE public.indices (
    id bigint NOT NULL,
    created_at timestamp(6) without time zone NOT NULL,
    updated_at timestamp(6) without time zone NOT NULL
);


ALTER TABLE public.indices OWNER TO postgres;

--
-- Name: indices_id_seq; Type: SEQUENCE; Schema: public; Owner: postgres
--

CREATE SEQUENCE public.indices_id_seq
    START WITH 1
    INCREMENT BY 1
    NO MINVALUE
    NO MAXVALUE
    CACHE 1;


ALTER TABLE public.indices_id_seq OWNER TO postgres;

--
-- Name: indices_id_seq; Type: SEQUENCE OWNED BY; Schema: public; Owner: postgres
--

ALTER SEQUENCE public.indices_id_seq OWNED BY public.indices.id;


--
-- Name: patrons; Type: TABLE; Schema: public; Owner: postgres
--

CREATE TABLE public.patrons (
    id bigint NOT NULL,
    first_name character varying,
    phone_number character varying,
    waitlist boolean DEFAULT true,
    company_id bigint,
    created_at timestamp(6) without time zone NOT NULL,
    updated_at timestamp(6) without time zone NOT NULL
);


ALTER TABLE public.patrons OWNER TO postgres;

--
-- Name: patrons_id_seq; Type: SEQUENCE; Schema: public; Owner: postgres
--

CREATE SEQUENCE public.patrons_id_seq
    START WITH 1
    INCREMENT BY 1
    NO MINVALUE
    NO MAXVALUE
    CACHE 1;


ALTER TABLE public.patrons_id_seq OWNER TO postgres;

--
-- Name: patrons_id_seq; Type: SEQUENCE OWNED BY; Schema: public; Owner: postgres
--

ALTER SEQUENCE public.patrons_id_seq OWNED BY public.patrons.id;


--
-- Name: schema_migrations; Type: TABLE; Schema: public; Owner: postgres
--

CREATE TABLE public.schema_migrations (
    version character varying NOT NULL
);


ALTER TABLE public.schema_migrations OWNER TO postgres;

--
-- Name: users; Type: TABLE; Schema: public; Owner: postgres
--

CREATE TABLE public.users (
    id bigint NOT NULL,
    email character varying DEFAULT ''::character varying NOT NULL,
    encrypted_password character varying DEFAULT ''::character varying NOT NULL,
    reset_password_token character varying,
    reset_password_sent_at timestamp without time zone,
    remember_created_at timestamp without time zone,
    created_at timestamp(6) without time zone NOT NULL,
    updated_at timestamp(6) without time zone NOT NULL,
    admin boolean,
    company_id bigint
);


ALTER TABLE public.users OWNER TO postgres;

--
-- Name: users_id_seq; Type: SEQUENCE; Schema: public; Owner: postgres
--

CREATE SEQUENCE public.users_id_seq
    START WITH 1
    INCREMENT BY 1
    NO MINVALUE
    NO MAXVALUE
    CACHE 1;


ALTER TABLE public.users_id_seq OWNER TO postgres;

--
-- Name: users_id_seq; Type: SEQUENCE OWNED BY; Schema: public; Owner: postgres
--

ALTER SEQUENCE public.users_id_seq OWNED BY public.users.id;


--
-- Name: venues; Type: TABLE; Schema: public; Owner: postgres
--

CREATE TABLE public.venues (
    id bigint NOT NULL,
    company_id bigint,
    created_at timestamp(6) without time zone NOT NULL,
    updated_at timestamp(6) without time zone NOT NULL
);


ALTER TABLE public.venues OWNER TO postgres;

--
-- Name: venues_id_seq; Type: SEQUENCE; Schema: public; Owner: postgres
--

CREATE SEQUENCE public.venues_id_seq
    START WITH 1
    INCREMENT BY 1
    NO MINVALUE
    NO MAXVALUE
    CACHE 1;


ALTER TABLE public.venues_id_seq OWNER TO postgres;

--
-- Name: venues_id_seq; Type: SEQUENCE OWNED BY; Schema: public; Owner: postgres
--

ALTER SEQUENCE public.venues_id_seq OWNED BY public.venues.id;


--
-- Name: audits id; Type: DEFAULT; Schema: public; Owner: postgres
--

ALTER TABLE ONLY public.audits ALTER COLUMN id SET DEFAULT nextval('public.audits_id_seq'::regclass);


--
-- Name: companies id; Type: DEFAULT; Schema: public; Owner: postgres
--

ALTER TABLE ONLY public.companies ALTER COLUMN id SET DEFAULT nextval('public.companies_id_seq'::regclass);


--
-- Name: indices id; Type: DEFAULT; Schema: public; Owner: postgres
--

ALTER TABLE ONLY public.indices ALTER COLUMN id SET DEFAULT nextval('public.indices_id_seq'::regclass);


--
-- Name: patrons id; Type: DEFAULT; Schema: public; Owner: postgres
--

ALTER TABLE ONLY public.patrons ALTER COLUMN id SET DEFAULT nextval('public.patrons_id_seq'::regclass);


--
-- Name: users id; Type: DEFAULT; Schema: public; Owner: postgres
--

ALTER TABLE ONLY public.users ALTER COLUMN id SET DEFAULT nextval('public.users_id_seq'::regclass);


--
-- Name: venues id; Type: DEFAULT; Schema: public; Owner: postgres
--

ALTER TABLE ONLY public.venues ALTER COLUMN id SET DEFAULT nextval('public.venues_id_seq'::regclass);


--
-- Data for Name: ar_internal_metadata; Type: TABLE DATA; Schema: public; Owner: postgres
--

COPY public.ar_internal_metadata (key, value, created_at, updated_at) FROM stdin;
environment	development	2021-01-17 12:34:53.237427	2021-01-17 12:34:53.237427
schema_sha1	8f05119e2ebd10215bdad323e0dda70def37dfa1	2021-02-02 05:20:20.778119	2021-02-02 05:20:20.778119
\.


--
-- Data for Name: audits; Type: TABLE DATA; Schema: public; Owner: postgres
--

COPY public.audits (id, venue_name, venue_capacity, created_at, updated_at) FROM stdin;
1	Harts Pub	100	2021-02-03 05:49:02.163245	2021-02-03 05:49:02.163245
2	Harts Pub	100	2021-02-03 05:53:11.446412	2021-02-03 05:53:11.446412
3	Harts Pub	100	2021-02-03 05:53:13.685681	2021-02-03 05:53:13.685681
4	Harts Pub	100	2021-02-03 05:53:20.935454	2021-02-03 05:53:20.935454
5	Harts Pub	100	2021-02-03 07:36:09.528829	2021-02-03 07:36:09.528829
6	Harts Pub	100	2021-02-04 03:47:07.466282	2021-02-04 03:47:07.466282
7	Harts Pub	100	2021-02-04 03:47:12.862107	2021-02-04 03:47:12.862107
8	Harts Pub	100	2021-02-04 03:47:26.831376	2021-02-04 03:47:26.831376
9	Harts Pub	100	2021-02-04 03:47:35.811604	2021-02-04 03:47:35.811604
10	Harts Pub	100	2021-02-04 03:48:05.8926	2021-02-04 03:48:05.8926
11	Harts Pub	100	2021-02-04 03:48:33.340832	2021-02-04 03:48:33.340832
12	Harts Pub	100	2021-02-07 03:04:40.747034	2021-02-07 03:04:40.747034
13	Harts Pub	100	2021-02-15 00:48:04.285618	2021-02-15 00:48:04.285618
14	Harts Pub	100	2021-02-15 00:48:23.698295	2021-02-15 00:48:23.698295
15	Harts Pub	100	2021-02-15 00:48:24.167068	2021-02-15 00:48:24.167068
16	Harts Pub	100	2021-02-15 01:02:00.132073	2021-02-15 01:02:00.132073
17	Harts Pub	100	2021-02-15 01:02:51.885026	2021-02-15 01:02:51.885026
18	Harts Pub	0	2021-02-15 01:06:32.325574	2021-02-15 01:06:32.325574
19	Harts Pub	50	2021-02-15 01:06:36.312959	2021-02-15 01:06:36.312959
20	Harts Pub	0	2021-02-15 01:06:37.300687	2021-02-15 01:06:37.300687
21	Harts Pub	100	2021-02-15 01:43:24.159274	2021-02-15 01:43:24.159274
22	Harts Pub	0	2021-02-15 01:59:26.465398	2021-02-15 01:59:26.465398
23	Harts Pub	50	2021-02-15 01:59:27.310802	2021-02-15 01:59:27.310802
24	Harts Pub	100	2021-02-15 02:09:03.62603	2021-02-15 02:09:03.62603
25	Harts Pub	100	2021-02-15 02:09:05.214684	2021-02-15 02:09:05.214684
26	Harts Pub	50	2021-02-15 02:15:11.956776	2021-02-15 02:15:11.956776
27	Harts Pub	50	2021-02-15 02:15:51.211258	2021-02-15 02:15:51.211258
28	Harts Pub	50	2021-02-15 02:15:52.911403	2021-02-15 02:15:52.911403
29	Harts Pub	0	2021-02-15 02:15:54.106623	2021-02-15 02:15:54.106623
30	Harts Pub	100	2021-02-15 02:16:00.592904	2021-02-15 02:16:00.592904
31	Harts Pub	50	2021-02-15 02:16:02.983855	2021-02-15 02:16:02.983855
32	Harts Pub	100	2021-02-15 02:20:26.11287	2021-02-15 02:20:26.11287
33	Harts Pub	0	2021-02-15 02:21:06.666811	2021-02-15 02:21:06.666811
34	Harts Pub	100	2021-02-15 02:25:51.491381	2021-02-15 02:25:51.491381
35	Harts Pub	50	2021-02-15 02:27:58.055296	2021-02-15 02:27:58.055296
36	Harts Pub	0	2021-02-15 02:27:59.512005	2021-02-15 02:27:59.512005
37	Harts Pub	100	2021-02-15 02:28:00.526508	2021-02-15 02:28:00.526508
38	Harts Pub	0	2021-02-15 02:35:30.857307	2021-02-15 02:35:30.857307
39	Harts Pub	100	2021-02-15 02:35:40.040639	2021-02-15 02:35:40.040639
40	Harts Pub	100	2021-02-15 03:52:00.115558	2021-02-15 03:52:00.115558
41	Harts Pub	0	2021-02-15 03:52:44.439727	2021-02-15 03:52:44.439727
42	Harts Pub	100	2021-02-15 03:53:00.050046	2021-02-15 03:53:00.050046
43	Harts Pub	0	2021-02-15 04:10:22.809254	2021-02-15 04:10:22.809254
44	Harts Pub	50	2021-02-15 04:11:39.67512	2021-02-15 04:11:39.67512
45	Harts Pub	100	2021-02-15 04:11:53.037088	2021-02-15 04:11:53.037088
46	Harts Pub	50	2021-02-15 04:17:37.514147	2021-02-15 04:17:37.514147
47	Harts Pub	100	2021-02-15 04:26:29.86034	2021-02-15 04:26:29.86034
48	Harts Pub	50	2021-02-15 04:26:53.027664	2021-02-15 04:26:53.027664
49	Harts Pub	100	2021-02-15 04:40:33.051058	2021-02-15 04:40:33.051058
50	Harts Pub	50	2021-02-15 04:40:49.018963	2021-02-15 04:40:49.018963
51	Harts Pub	100	2021-02-15 05:14:35.310672	2021-02-15 05:14:35.310672
52	Harts Pub	50	2021-02-16 00:02:44.504822	2021-02-16 00:02:44.504822
53	Harts Pub	0	2021-02-16 00:02:50.147127	2021-02-16 00:02:50.147127
54	Harts Pub	50	2021-02-16 00:03:26.333301	2021-02-16 00:03:26.333301
55	Harts Pub	100	2021-02-16 00:03:33.992162	2021-02-16 00:03:33.992162
56	Harts Pub	50	2021-02-16 00:08:33.745154	2021-02-16 00:08:33.745154
57	Harts Pub	0	2021-02-16 00:08:38.939273	2021-02-16 00:08:38.939273
58	Harts Pub	100	2021-02-16 00:08:49.789865	2021-02-16 00:08:49.789865
59	Harts Pub	50	2021-02-16 00:11:07.468139	2021-02-16 00:11:07.468139
60	Harts Pub	100	2021-02-16 00:11:20.779227	2021-02-16 00:11:20.779227
61	Harts Pub	0	2021-02-16 00:13:21.593705	2021-02-16 00:13:21.593705
62	Harts Pub	50	2021-02-16 00:14:49.661985	2021-02-16 00:14:49.661985
63	Harts Pub	100	2021-02-16 00:14:51.42697	2021-02-16 00:14:51.42697
64	Harts Pub	50	2021-02-16 00:14:59.926533	2021-02-16 00:14:59.926533
65	Harts Pub	0	2021-02-16 00:15:14.824946	2021-02-16 00:15:14.824946
66	Harts Pub	50	2021-02-16 00:15:25.05412	2021-02-16 00:15:25.05412
67	Harts Pub	100	2021-02-16 00:15:25.78577	2021-02-16 00:15:25.78577
68	Harts Pub	50	2021-02-16 00:15:26.822882	2021-02-16 00:15:26.822882
69	Harts Pub	0	2021-02-16 00:15:27.754177	2021-02-16 00:15:27.754177
70	Harts Pub	50	2021-02-16 03:12:38.815329	2021-02-16 03:12:38.815329
71	Harts Pub	100	2021-02-16 03:20:43.346768	2021-02-16 03:20:43.346768
72	Harts Pub	50	2021-02-17 06:17:35.693595	2021-02-17 06:17:35.693595
73	Harts Pub	100	2021-02-17 06:25:14.662234	2021-02-17 06:25:14.662234
74	Harts Pub	50	2021-02-17 06:25:31.581664	2021-02-17 06:25:31.581664
75	Harts Pub	50	2021-02-17 06:26:04.730135	2021-02-17 06:26:04.730135
76	Harts Pub	100	2021-02-17 06:26:08.753748	2021-02-17 06:26:08.753748
77	Harts Pub	50	2021-02-17 07:07:49.54727	2021-02-17 07:07:49.54727
78	Harts Pub	0	2021-02-17 08:18:58.423054	2021-02-17 08:18:58.423054
79	Harts Pub	100	2021-02-17 23:19:30.609424	2021-02-17 23:19:30.609424
80	Harts Pub	0	2021-02-19 01:00:30.354447	2021-02-19 01:00:30.354447
81	Harts Pub	100	2021-02-19 03:50:13.982878	2021-02-19 03:50:13.982878
82	Harts Pub	50	2021-02-19 04:14:01.653508	2021-02-19 04:14:01.653508
83	Harts Pub	50	2021-02-19 04:14:13.245804	2021-02-19 04:14:13.245804
84	Harts Pub	0	2021-02-19 04:14:14.798012	2021-02-19 04:14:14.798012
85	Harts Pub	0	2021-02-19 04:15:08.686143	2021-02-19 04:15:08.686143
86	Harts Pub	50	2021-02-19 04:15:09.591188	2021-02-19 04:15:09.591188
87	Harts Pub	100	2021-02-19 04:15:11.05759	2021-02-19 04:15:11.05759
88	Harts Pub	50	2021-02-19 04:15:12.103633	2021-02-19 04:15:12.103633
89	Harts Pub	50	2021-02-19 04:15:14.295472	2021-02-19 04:15:14.295472
90	Harts Pub	0	2021-02-19 04:15:22.908921	2021-02-19 04:15:22.908921
91	Harts Pub	100	2021-02-22 01:05:44.593542	2021-02-22 01:05:44.593542
92	Harts Pub	50	2021-02-22 01:05:49.975378	2021-02-22 01:05:49.975378
93	Harts Pub	100	2021-02-22 01:05:56.601916	2021-02-22 01:05:56.601916
94	Harts Pub	0	2021-02-23 11:18:47.987878	2021-02-23 11:18:47.987878
95	Harts Pub	50	2021-02-24 00:11:48.913802	2021-02-24 00:11:48.913802
96	Harts Pub	50	2021-02-24 02:50:12.061802	2021-02-24 02:50:12.061802
97	Harts Pub	50	2021-02-24 02:58:21.906061	2021-02-24 02:58:21.906061
98	Harts Pub	0	2021-02-24 02:58:23.001422	2021-02-24 02:58:23.001422
99	Harts Pub	100	2021-02-24 02:58:24.317444	2021-02-24 02:58:24.317444
100	Harts Pub	0	2021-02-24 02:58:35.561045	2021-02-24 02:58:35.561045
101	Harts Pub	100	2021-02-24 02:59:02.977549	2021-02-24 02:59:02.977549
102	Harts Pub	50	2021-02-24 03:00:08.746383	2021-02-24 03:00:08.746383
103	Papa Gede's Bar	0	2021-02-24 03:03:10.212134	2021-02-24 03:03:10.212134
104	Papa Gede's Bar	50	2021-02-24 03:03:13.487531	2021-02-24 03:03:13.487531
105	Papa Gede's Bar	100	2021-02-24 03:03:24.446421	2021-02-24 03:03:24.446421
106	Papa Gede's Bar	100	2021-02-24 03:03:24.643001	2021-02-24 03:03:24.643001
107	Papa Gede's Bar	0	2021-02-24 03:04:00.857741	2021-02-24 03:04:00.857741
108	Papa Gede's Bar	0	2021-02-24 03:04:01.08294	2021-02-24 03:04:01.08294
109	Harts Pub	100	2021-02-24 03:05:56.270084	2021-02-24 03:05:56.270084
110	Harts Pub	50	2021-02-24 03:06:11.714296	2021-02-24 03:06:11.714296
111	Harts Pub	0	2021-02-24 03:06:41.252559	2021-02-24 03:06:41.252559
112	Harts Pub	100	2021-02-24 03:07:00.227848	2021-02-24 03:07:00.227848
113	Harts Pub	50	2021-02-24 03:07:12.511517	2021-02-24 03:07:12.511517
114	Harts Pub	50	2021-02-24 03:07:16.315832	2021-02-24 03:07:16.315832
115	Harts Pub	100	2021-02-24 03:07:20.3284	2021-02-24 03:07:20.3284
116	Fortune of War	0	2021-02-24 03:52:07.043114	2021-02-24 03:52:07.043114
117	Fortune of War	50	2021-02-24 04:07:16.182666	2021-02-24 04:07:16.182666
118	Fortune of War	0	2021-02-24 04:07:17.581412	2021-02-24 04:07:17.581412
119	Fortune of War	100	2021-02-24 04:07:18.450611	2021-02-24 04:07:18.450611
120	Fortune of War	50	2021-02-24 04:07:19.246663	2021-02-24 04:07:19.246663
121	Fortune of War	0	2021-02-24 04:07:20.45688	2021-02-24 04:07:20.45688
122	Fortune of War	50	2021-02-24 04:07:31.917115	2021-02-24 04:07:31.917115
123	Fortune of War	100	2021-02-24 04:08:05.065545	2021-02-24 04:08:05.065545
124	Fortune of War	50	2021-02-24 04:08:30.873636	2021-02-24 04:08:30.873636
125	Fortune of War	50	2021-02-24 04:08:56.75629	2021-02-24 04:08:56.75629
126	Fortune of War	100	2021-02-24 04:08:58.003945	2021-02-24 04:08:58.003945
127	Fortune of War	0	2021-02-24 04:08:59.201814	2021-02-24 04:08:59.201814
128	Fortune of War	50	2021-02-24 04:12:41.447768	2021-02-24 04:12:41.447768
129	Fortune of War	50	2021-02-24 04:12:56.137207	2021-02-24 04:12:56.137207
130	Fortune of War	0	2021-02-24 04:12:57.247166	2021-02-24 04:12:57.247166
131	Fortune of War	0	2021-02-24 04:16:27.362153	2021-02-24 04:16:27.362153
132	Fortune of War	0	2021-02-24 04:41:04.440725	2021-02-24 04:41:04.440725
133	Fortune of War	50	2021-02-24 04:41:08.719423	2021-02-24 04:41:08.719423
134	Fortune of War	100	2021-02-24 04:41:11.65409	2021-02-24 04:41:11.65409
135	Fortune of War	50	2021-02-24 04:41:15.237629	2021-02-24 04:41:15.237629
136	Fortune of War	0	2021-02-24 04:41:18.001515	2021-02-24 04:41:18.001515
137	Fortune of War	100	2021-02-24 04:49:30.169476	2021-02-24 04:49:30.169476
138	Fortune of War	50	2021-02-24 04:49:31.347947	2021-02-24 04:49:31.347947
139	Fortune of War	0	2021-02-24 04:49:32.501849	2021-02-24 04:49:32.501849
140	Fortune of War	100	2021-02-24 04:49:36.259021	2021-02-24 04:49:36.259021
141	Fortune of War	50	2021-02-24 04:49:41.09877	2021-02-24 04:49:41.09877
142	Fortune of War	0	2021-02-24 04:49:47.546236	2021-02-24 04:49:47.546236
143	Harts Pub	50	2021-02-24 09:11:38.993389	2021-02-24 09:11:38.993389
144	Harts Pub	0	2021-02-24 23:07:48.10114	2021-02-24 23:07:48.10114
145	Harts Pub	50	2021-02-24 23:07:49.00995	2021-02-24 23:07:49.00995
146	Harts Pub	100	2021-02-24 23:07:49.928095	2021-02-24 23:07:49.928095
147	Harts Pub	100	2021-02-24 23:08:37.046985	2021-02-24 23:08:37.046985
148	Harts Pub	100	2021-02-24 23:09:03.728654	2021-02-24 23:09:03.728654
149	Harts Pub	50	2021-02-24 23:11:35.370578	2021-02-24 23:11:35.370578
150	Harts Pub	50	2021-02-24 23:11:40.453158	2021-02-24 23:11:40.453158
151	Harts Pub	100	2021-02-24 23:11:41.56258	2021-02-24 23:11:41.56258
152	Harts Pub	50	2021-02-24 23:12:08.650568	2021-02-24 23:12:08.650568
153	Harts Pub	100	2021-02-24 23:12:45.999466	2021-02-24 23:12:45.999466
154	Harts Pub	50	2021-02-24 23:14:07.538963	2021-02-24 23:14:07.538963
155	Harts Pub	0	2021-02-24 23:14:20.452722	2021-02-24 23:14:20.452722
156	Harts Pub	50	2021-02-24 23:14:22.975661	2021-02-24 23:14:22.975661
157	Harts Pub	50	2021-02-24 23:14:47.503365	2021-02-24 23:14:47.503365
158	Harts Pub	100	2021-02-24 23:22:08.195357	2021-02-24 23:22:08.195357
159	Papa Gede's Bar	0	2021-02-24 23:39:29.249188	2021-02-24 23:39:29.249188
160	Papa Gede's Bar	0	2021-02-24 23:39:47.052122	2021-02-24 23:39:47.052122
161	Harts Pub	50	2021-02-24 23:39:52.708773	2021-02-24 23:39:52.708773
162	Harts Pub	50	2021-02-24 23:40:16.143317	2021-02-24 23:40:16.143317
163	Harts Pub	50	2021-02-24 23:40:18.58548	2021-02-24 23:40:18.58548
164	Harts Pub	100	2021-02-24 23:53:36.405202	2021-02-24 23:53:36.405202
165	Harts Pub	50	2021-02-25 01:59:20.450151	2021-02-25 01:59:20.450151
166	Harts Pub	0	2021-02-25 01:59:21.603775	2021-02-25 01:59:21.603775
167	Harts Pub	50	2021-02-25 01:59:25.470883	2021-02-25 01:59:25.470883
168	Harts Pub	0	2021-02-25 01:59:26.636962	2021-02-25 01:59:26.636962
169	Harts Pub	100	2021-02-25 01:59:27.748098	2021-02-25 01:59:27.748098
170	Harts Pub	50	2021-02-25 01:59:30.154438	2021-02-25 01:59:30.154438
171	Harts Pub	50	2021-02-25 02:13:25.33292	2021-02-25 02:13:25.33292
172	Harts Pub	0	2021-02-25 02:13:26.184344	2021-02-25 02:13:26.184344
173	Harts Pub	50	2021-02-25 02:13:31.039759	2021-02-25 02:13:31.039759
174	Harts Pub	50	2021-02-25 02:14:53.691094	2021-02-25 02:14:53.691094
175	Harts Pub	0	2021-02-25 02:14:54.544145	2021-02-25 02:14:54.544145
176	Harts Pub	50	2021-02-25 02:14:56.459211	2021-02-25 02:14:56.459211
177	Harts Pub	0	2021-02-25 02:14:57.558575	2021-02-25 02:14:57.558575
178	Harts Pub	50	2021-02-25 02:15:02.539473	2021-02-25 02:15:02.539473
179	Harts Pub	0	2021-02-25 02:15:08.346145	2021-02-25 02:15:08.346145
180	Harts Pub	50	2021-02-25 02:15:17.887798	2021-02-25 02:15:17.887798
181	Harts Pub	100	2021-02-25 02:15:33.315304	2021-02-25 02:15:33.315304
182	Harts Pub	50	2021-02-25 02:16:24.60544	2021-02-25 02:16:24.60544
183	Harts Pub	0	2021-02-25 02:17:13.555889	2021-02-25 02:17:13.555889
184	Harts Pub	50	2021-02-25 02:17:14.438491	2021-02-25 02:17:14.438491
185	Harts Pub	0	2021-02-25 02:17:15.388556	2021-02-25 02:17:15.388556
186	The Glenmore Hotel	0	2021-02-25 02:24:41.551757	2021-02-25 02:24:41.551757
187	The Glenmore Hotel	50	2021-02-25 02:24:43.26271	2021-02-25 02:24:43.26271
188	The Glenmore Hotel	100	2021-02-25 02:24:44.507984	2021-02-25 02:24:44.507984
189	The Glenmore Hotel	0	2021-02-25 02:24:46.141277	2021-02-25 02:24:46.141277
190	The Glenmore Hotel	50	2021-02-25 02:25:09.084125	2021-02-25 02:25:09.084125
191	The Glenmore Hotel	100	2021-02-25 02:25:10.732233	2021-02-25 02:25:10.732233
192	The Glenmore Hotel	50	2021-02-25 02:25:11.916051	2021-02-25 02:25:11.916051
193	The Glenmore Hotel	50	2021-02-25 02:25:50.750625	2021-02-25 02:25:50.750625
194	The Glenmore Hotel	0	2021-02-25 02:25:51.642238	2021-02-25 02:25:51.642238
195	The Glenmore Hotel	0	2021-02-25 02:26:07.765041	2021-02-25 02:26:07.765041
196	The Glenmore Hotel	50	2021-02-25 02:26:09.332374	2021-02-25 02:26:09.332374
197	The Glenmore Hotel	0	2021-02-25 02:26:11.471714	2021-02-25 02:26:11.471714
198	The Glenmore Hotel	0	2021-02-25 02:26:16.024206	2021-02-25 02:26:16.024206
199	The Glenmore Hotel	0	2021-02-25 02:26:18.921029	2021-02-25 02:26:18.921029
200	The Glenmore Hotel	100	2021-02-25 02:26:20.035737	2021-02-25 02:26:20.035737
201	The Glenmore Hotel	100	2021-02-25 02:26:24.030181	2021-02-25 02:26:24.030181
202	The Glenmore Hotel	0	2021-02-25 02:26:24.837566	2021-02-25 02:26:24.837566
203	Harts Pub	0	2021-02-25 02:26:25.026064	2021-02-25 02:26:25.026064
204	Harts Pub	50	2021-02-25 02:26:25.935277	2021-02-25 02:26:25.935277
205	The Glenmore Hotel	0	2021-02-25 02:26:33.106457	2021-02-25 02:26:33.106457
206	The Glenmore Hotel	50	2021-02-25 02:26:34.224679	2021-02-25 02:26:34.224679
207	The Glenmore Hotel	50	2021-02-25 02:26:35.347869	2021-02-25 02:26:35.347869
208	The Glenmore Hotel	100	2021-02-25 02:26:37.260673	2021-02-25 02:26:37.260673
209	The Glenmore Hotel	100	2021-02-25 02:26:39.899951	2021-02-25 02:26:39.899951
210	The Glenmore Hotel	50	2021-02-25 02:26:41.420417	2021-02-25 02:26:41.420417
211	The Glenmore Hotel	50	2021-02-25 02:26:43.663421	2021-02-25 02:26:43.663421
212	The Glenmore Hotel	0	2021-02-25 02:26:44.92121	2021-02-25 02:26:44.92121
213	The Glenmore Hotel	0	2021-02-25 02:27:13.89982	2021-02-25 02:27:13.89982
214	The Glenmore Hotel	100	2021-02-25 02:27:15.307337	2021-02-25 02:27:15.307337
215	The Glenmore Hotel	100	2021-02-25 02:27:47.706805	2021-02-25 02:27:47.706805
216	The Glenmore Hotel	0	2021-02-25 02:27:49.692814	2021-02-25 02:27:49.692814
217	The Glenmore Hotel	0	2021-02-25 02:32:23.886337	2021-02-25 02:32:23.886337
218	The Glenmore Hotel	0	2021-02-25 02:32:24.88104	2021-02-25 02:32:24.88104
219	The Glenmore Hotel	50	2021-02-25 02:32:26.441619	2021-02-25 02:32:26.441619
220	The Glenmore Hotel	50	2021-02-25 02:32:29.997983	2021-02-25 02:32:29.997983
221	The Glenmore Hotel	50	2021-02-25 02:32:31.843663	2021-02-25 02:32:31.843663
222	The Glenmore Hotel	50	2021-02-25 02:32:34.187791	2021-02-25 02:32:34.187791
223	The Glenmore Hotel	100	2021-02-25 02:32:35.521506	2021-02-25 02:32:35.521506
224	The Glenmore Hotel	100	2021-02-25 02:32:44.309041	2021-02-25 02:32:44.309041
225	The Glenmore Hotel	50	2021-02-25 02:32:46.417469	2021-02-25 02:32:46.417469
226	The Glenmore Hotel	50	2021-02-25 02:32:48.631633	2021-02-25 02:32:48.631633
227	The Glenmore Hotel	0	2021-02-25 02:32:49.33185	2021-02-25 02:32:49.33185
228	The Glenmore Hotel	0	2021-02-25 02:33:29.590555	2021-02-25 02:33:29.590555
229	The Glenmore Hotel	100	2021-02-25 02:33:30.968225	2021-02-25 02:33:30.968225
230	The Glenmore Hotel	100	2021-02-25 02:36:18.160852	2021-02-25 02:36:18.160852
231	The Glenmore Hotel	0	2021-02-25 02:36:19.619973	2021-02-25 02:36:19.619973
232	The Glenmore Hotel	0	2021-02-25 02:36:49.671251	2021-02-25 02:36:49.671251
233	The Glenmore Hotel	0	2021-02-25 02:36:51.888611	2021-02-25 02:36:51.888611
234	The Glenmore Hotel	0	2021-02-25 02:37:46.343148	2021-02-25 02:37:46.343148
235	The Glenmore Hotel	0	2021-02-25 02:37:49.064882	2021-02-25 02:37:49.064882
236	The Glenmore Hotel	100	2021-02-25 02:37:51.640786	2021-02-25 02:37:51.640786
237	The Glenmore Hotel	100	2021-02-25 02:39:33.268415	2021-02-25 02:39:33.268415
238	The Glenmore Hotel	0	2021-02-25 02:39:34.617329	2021-02-25 02:39:34.617329
239	The Glenmore Hotel	0	2021-02-25 02:39:52.73097	2021-02-25 02:39:52.73097
240	The Glenmore Hotel	0	2021-02-25 02:40:46.919789	2021-02-25 02:40:46.919789
241	Since I Left You (SILY)	50	2021-02-25 03:46:15.727859	2021-02-25 03:46:15.727859
242	Since I Left You (SILY)	0	2021-02-25 03:46:16.534201	2021-02-25 03:46:16.534201
243	Harts Pub	50	2021-02-25 04:45:56.154457	2021-02-25 04:45:56.154457
244	Harts Pub	50	2021-02-25 04:45:57.370463	2021-02-25 04:45:57.370463
245	Harts Pub	0	2021-02-25 04:45:58.6329	2021-02-25 04:45:58.6329
246	Harts Pub	0	2021-02-25 04:45:59.687295	2021-02-25 04:45:59.687295
247	Harts Pub	0	2021-02-25 04:46:03.519559	2021-02-25 04:46:03.519559
248	Harts Pub	0	2021-02-25 05:01:16.771279	2021-02-25 05:01:16.771279
249	Harts Pub	50	2021-02-25 05:01:17.549087	2021-02-25 05:01:17.549087
250	Harts Pub	100	2021-02-25 05:01:19.173172	2021-02-25 05:01:19.173172
251	Harts Pub	50	2021-02-25 05:01:50.876254	2021-02-25 05:01:50.876254
252	Harts Pub	0	2021-02-25 05:01:55.339702	2021-02-25 05:01:55.339702
253	Harts Pub	50	2021-02-25 05:01:56.206955	2021-02-25 05:01:56.206955
254	Harts Pub	0	2021-02-25 05:02:00.084614	2021-02-25 05:02:00.084614
255	Harts Pub	50	2021-02-25 05:03:35.929521	2021-02-25 05:03:35.929521
256	Harts Pub	0	2021-02-25 05:03:46.538236	2021-02-25 05:03:46.538236
257	Since I Left You (SILY)	50	2021-02-25 05:09:38.861636	2021-02-25 05:09:38.861636
258	Since I Left You (SILY)	0	2021-02-25 05:09:41.090541	2021-02-25 05:09:41.090541
259	Since I Left You (SILY)	100	2021-02-25 05:09:43.027263	2021-02-25 05:09:43.027263
260	Since I Left You (SILY)	0	2021-02-25 05:09:44.008645	2021-02-25 05:09:44.008645
261	Harts Pub	100	2021-02-25 06:01:23.328248	2021-02-25 06:01:23.328248
262	Since I Left You (SILY)	0	2021-02-25 06:42:41.618415	2021-02-25 06:42:41.618415
263	Harts Pub	0	2021-02-25 07:55:12.094505	2021-02-25 07:55:12.094505
264	Papa Gede's Bar	50	2021-02-25 08:03:13.90312	2021-02-25 08:03:13.90312
265	Papa Gede's Bar	50	2021-02-25 08:03:15.61001	2021-02-25 08:03:15.61001
266	Papa Gede's Bar	50	2021-02-25 08:03:15.794424	2021-02-25 08:03:15.794424
267	Papa Gede's Bar	50	2021-02-25 08:03:16.78234	2021-02-25 08:03:16.78234
268	Papa Gede's Bar	50	2021-02-25 08:03:20.678878	2021-02-25 08:03:20.678878
269	Papa Gede's Bar	50	2021-02-25 08:03:22.495092	2021-02-25 08:03:22.495092
270	Papa Gede's Bar	50	2021-02-25 08:03:22.648928	2021-02-25 08:03:22.648928
271	Papa Gede's Bar	50	2021-02-25 08:03:25.324548	2021-02-25 08:03:25.324548
272	Papa Gede's Bar	50	2021-02-25 08:03:25.522838	2021-02-25 08:03:25.522838
273	Papa Gede's Bar	50	2021-02-25 08:03:25.702469	2021-02-25 08:03:25.702469
274	Papa Gede's Bar	50	2021-02-25 08:03:25.964123	2021-02-25 08:03:25.964123
275	Papa Gede's Bar	50	2021-02-25 08:03:27.66834	2021-02-25 08:03:27.66834
276	Papa Gede's Bar	0	2021-02-25 23:42:08.80028	2021-02-25 23:42:08.80028
277	The Fox Hole	0	2021-02-26 00:02:19.692559	2021-02-26 00:02:19.692559
278	Harts Pub	0	2021-02-26 00:11:43.220257	2021-02-26 00:11:43.220257
279	Harts Pub	50	2021-02-26 00:12:01.68679	2021-02-26 00:12:01.68679
280	Harts Pub	0	2021-02-26 00:12:02.757914	2021-02-26 00:12:02.757914
281	Harts Pub	0	2021-02-26 00:12:12.887462	2021-02-26 00:12:12.887462
282	Harts Pub	0	2021-02-26 00:13:38.487966	2021-02-26 00:13:38.487966
283	The Fox Hole	0	2021-02-26 00:47:03.740913	2021-02-26 00:47:03.740913
284	The Fox Hole	50	2021-02-26 00:47:06.029606	2021-02-26 00:47:06.029606
285	The Fox Hole	100	2021-02-26 00:47:07.312641	2021-02-26 00:47:07.312641
286	The Fox Hole	0	2021-02-26 00:47:11.777519	2021-02-26 00:47:11.777519
287	The Fox Hole	50	2021-02-26 00:47:12.760217	2021-02-26 00:47:12.760217
288	The Fox Hole	100	2021-02-26 00:47:14.442894	2021-02-26 00:47:14.442894
289	The Fox Hole	50	2021-02-26 00:47:15.411046	2021-02-26 00:47:15.411046
290	The Fox Hole	0	2021-02-26 00:47:16.272895	2021-02-26 00:47:16.272895
291	The Fox Hole	0	2021-02-26 00:48:57.576312	2021-02-26 00:48:57.576312
292	The Fox Hole	0	2021-02-26 00:49:05.253308	2021-02-26 00:49:05.253308
293	The Fox Hole	50	2021-02-26 00:49:06.285249	2021-02-26 00:49:06.285249
294	The Fox Hole	100	2021-02-26 00:49:10.225792	2021-02-26 00:49:10.225792
295	The Fox Hole	50	2021-02-26 00:50:14.837963	2021-02-26 00:50:14.837963
296	The Fox Hole	50	2021-02-26 00:50:35.774316	2021-02-26 00:50:35.774316
297	The Fox Hole	0	2021-02-26 00:50:39.557648	2021-02-26 00:50:39.557648
298	The Fox Hole	50	2021-02-26 00:50:42.013518	2021-02-26 00:50:42.013518
299	The Fox Hole	100	2021-02-26 00:50:44.252021	2021-02-26 00:50:44.252021
300	The Fox Hole	50	2021-02-26 00:50:46.674358	2021-02-26 00:50:46.674358
301	Harts Pub	50	2021-02-26 00:51:15.113877	2021-02-26 00:51:15.113877
302	Harts Pub	50	2021-02-26 00:51:32.010813	2021-02-26 00:51:32.010813
303	Harts Pub	50	2021-02-26 00:51:33.438363	2021-02-26 00:51:33.438363
304	Harts Pub	0	2021-02-26 00:51:34.384108	2021-02-26 00:51:34.384108
305	Harts Pub	100	2021-02-26 00:51:47.151858	2021-02-26 00:51:47.151858
306	The Fox Hole	100	2021-02-26 00:52:01.110569	2021-02-26 00:52:01.110569
307	The Fox Hole	100	2021-02-26 00:52:02.225842	2021-02-26 00:52:02.225842
308	The Fox Hole	0	2021-02-26 00:53:09.735202	2021-02-26 00:53:09.735202
309	The Fox Hole	0	2021-02-26 00:53:26.489653	2021-02-26 00:53:26.489653
310	The Fox Hole	50	2021-02-26 00:53:27.449745	2021-02-26 00:53:27.449745
311	The Fox Hole	100	2021-02-26 00:53:28.347122	2021-02-26 00:53:28.347122
312	The Fox Hole	0	2021-02-26 00:53:28.975274	2021-02-26 00:53:28.975274
313	The Fox Hole	100	2021-02-26 00:53:39.080427	2021-02-26 00:53:39.080427
314	Harts Pub	50	2021-02-26 00:54:36.231915	2021-02-26 00:54:36.231915
315	Harts Pub	50	2021-02-26 00:54:39.497434	2021-02-26 00:54:39.497434
316	Harts Pub	0	2021-02-26 00:54:41.493431	2021-02-26 00:54:41.493431
317	The Fox Hole	0	2021-02-26 00:54:54.839782	2021-02-26 00:54:54.839782
318	Harts Pub	0	2021-02-26 00:55:45.453974	2021-02-26 00:55:45.453974
319	Harts Pub	100	2021-02-26 06:34:10.040193	2021-02-26 06:34:10.040193
320	The Fox Hole	50	2021-02-26 06:56:52.421918	2021-02-26 06:56:52.421918
321	The Fox Hole	0	2021-02-26 06:57:00.691655	2021-02-26 06:57:00.691655
322	The Fox Hole	0	2021-02-26 06:57:02.088426	2021-02-26 06:57:02.088426
323	Harts Pub	0	2021-02-26 07:51:01.784102	2021-02-26 07:51:01.784102
324	Since I Left You (SILY)	100	2021-02-26 11:51:47.222625	2021-02-26 11:51:47.222625
\.


--
-- Data for Name: companies; Type: TABLE DATA; Schema: public; Owner: postgres
--

COPY public.companies (id, name, address, lat, lng, phone_number, link, capacity, created_at, updated_at, email, percentage_full, is_active, places_id, rating, is_open, update_number) FROM stdin;
8	The Occidental Hotel	43 York St, Sydney NSW 2000, Australia	-33.86672789999999	151.205624	(02) 9299 2531	https://apply.service.nsw.gov.au/covid-safe-check-in-webform/?data=eyJ0IjoiY292aWQxOV9idXNpbmVzcyIsImJpZCI6IjE0ODkyIiwiYm5hbWUiOiJUaGUgT2NjaWRlbnRhbCBIb3RlbCIsImJhZGRyZXNzIjoiNDMgWW9yayBTdHJlZXQsIFN5ZG5leSBOU1csIEF1c3RyYWxpYSJ9	300	2021-02-02 08:32:48.064842	2021-02-03 02:12:04.620734	\N	\N	f	\N	\N	\N	0
6	Uncle Mings	Basement/49 York St, Sydney NSW 2000, Australia	-33.8670411	151.2056341	undefined	https://apply.service.nsw.gov.au/covid-safe-check-in-webform/?data=eyJ0IjoiY292aWQxOV9idXNpbmVzcyIsImJpZCI6IjE4NDcwIiwiYm5hbWUiOiJVbmNsZSBNaW5ncyBCYXIiLCJiYWRkcmVzcyI6IjQ5IFlvcmsgU3QsIFN5ZG5leSBOU1csIEF1c3RyYWxpYSJ9	80	2021-02-02 08:31:22.637109	2021-02-03 03:37:59.556278	\N	\N	f	\N	\N	\N	0
4	Hotel CBD	52 King St, Sydney NSW 2000, Australia	-33.8684698	151.2057388	(02) 8297 7000	https://apply.service.nsw.gov.au/covid-safe-check-in-webform/?data=eyJ0IjoiY292aWQxOV9idXNpbmVzcyIsImJpZCI6IjE1MjgzIiwiYm5hbWUiOiJIb3RlbCBDQkQiLCJiYWRkcmVzcyI6IjUyIEtpbmcgU3QsIFN5ZG5leSBOU1cgMjAwMCwgQXVzdHJhbGlhIn0=	350	2021-02-02 08:30:34.287142	2021-02-03 02:08:35.234424	\N	\N	f	\N	\N	\N	0
3	Establishment Bar	Ground Floor, 252 George St, Sydney NSW 2000, Australia	-33.8640815	151.2075994	(02) 9114 7310	https://apply.service.nsw.gov.au/covid-safe-check-in-webform/?data=eyJ0IjoiY292aWQxOV9idXNpbmVzcyIsImJpZCI6IjE1Mzc4IiwiYm5hbWUiOiJFU1RBQkxJU0hNRU5UIiwiYmFkZHJlc3MiOiIyNTIgR2VvcmdlIFN0cmVldCwgU3lkbmV5IE5TVywgQXVzdHJhbGlhIn0=	350	2021-02-02 08:30:00.767574	2021-02-03 02:09:01.886078	\N	\N	f	\N	\N	\N	0
5	Wynyard Hotel	107 Clarence St, Sydney NSW 2000, Australia	-33.86682309999999	151.2048885	(02) 9299 1330	https://apply.service.nsw.gov.au/covid-safe-check-in-webform/?data=eyJ0IjoiY292aWQxOV9idXNpbmVzcyIsImJpZCI6IjE1MzI1IiwiYm5hbWUiOiJUaGUgV3lueWFyZCBIb3RlbCIsImJhZGRyZXNzIjoiMTA3LTEwOSBDbGFyZW5jZSBTdCwgU3lkbmV5IE5TVyAyMDAwLCBBdXN0cmFsaWEifQ==	150	2021-02-02 08:30:56.934578	2021-02-03 02:10:16.630978	\N	\N	f	\N	\N	\N	0
12	The Morrison Bar & Oyster Room	225 George Street Corner of, Grosvenor St, Sydney NSW 2000, Australia	-33.8632271	151.2073249	(02) 9247 6744	https://apply.service.nsw.gov.au/covid-safe-check-in-webform/?data=eyJ0IjoiY292aWQxOV9idXNpbmVzcyIsImJpZCI6IjEzMTgyMSIsImJuYW1lIjoiVGhlIE1vcnJpc29uIFN5ZG5leSAiLCJiYWRkcmVzcyI6IjIyNSBHZW9yZ2UgU3RyZWV0LCBTeWRuZXkgTlNXIn0=	250	2021-02-02 08:36:10.738519	2021-02-03 02:13:03.408762	\N	\N	f	\N	\N	\N	0
9	The Royal George	320 George St, Sydney NSW 2000, Australia	-33.8662325	151.2073214	(02) 9114 7308	https://apply.service.nsw.gov.au/covid-safe-check-in-webform/?data=eyJ0IjoiY292aWQxOV9idXNpbmVzcyIsImJpZCI6IjE3MTc2IiwiYm5hbWUiOiJUSEUgUk9ZQUwgR0VPUkdFIiwiYmFkZHJlc3MiOiIzMjAgR2VvcmdlIFN0cmVldCwgU3lkbmV5IE5ldyBTb3V0aCBXYWxlcyAyMDAwLCBBdXN0cmFsaWEifQ==	250	2021-02-02 08:33:15.219036	2021-02-03 02:14:23.725227	\N	\N	f	\N	\N	\N	0
20	Bopp & Tone	60 Carrington St, Sydney NSW 2000, Australia	-33.8668185	151.2064637	(02) 9299 9997	https://apply.service.nsw.gov.au/covid-safe-check-in-webform/?data=eyJ0IjoiY292aWQxOV9idXNpbmVzcyIsImJpZCI6IjEzNTMxOSIsImJuYW1lIjoiQm9wcCAmIFRvbmUiLCJiYWRkcmVzcyI6IjYwIENhcnJpbmd0b24gU3RyZWV0LCBTeWRuZXkgTlNXIDIwMDAifQ==	200	2021-02-02 08:42:29.167963	2021-02-03 02:16:23.449092	\N	\N	f	\N	\N	\N	0
11	Hotel Palisade	35 Bettington St, Millers Point NSW 2000, Australia	-33.8579256	151.2021828	(02) 9018 0123	https://apply.service.nsw.gov.au/covid-safe-check-in-webform/?data=eyJ0IjoiY292aWQxOV9idXNpbmVzcyIsImJpZCI6IjQ3NTI4IiwiYm5hbWUiOiJQYWxpc2FkZSBIb3RlbCIsImJhZGRyZXNzIjoiMzUgQmV0dGluZ3RvbiBTdHJlZXQsIE1pbGxlcnMgUG9pbnQgTlNXLCBBdXN0cmFsaWEifQ==	300	2021-02-02 08:35:37.272893	2021-02-03 03:38:36.374564	\N	\N	f	\N	\N	\N	0
15	The Lord Nelson Brewery Hotel	19 Kent St, The Rocks NSW 2000, Australia	-33.8581224	151.2033513	(02) 9251 4044	https://apply.service.nsw.gov.au/covid-safe-check-in-webform/?data=eyJ0IjoiY292aWQxOV9idXNpbmVzcyIsImJpZCI6IjQ4MDIzIiwiYm5hbWUiOiJUSEUgTE9SRCBORUxTT04gQlJFV0VSWSBIT1RFTCIsImJhZGRyZXNzIjoiMTkgS2VudCBTdCwgTWlsbGVycyBQb2ludCBOU1csIEF1c3RyYWxpYSJ9	150	2021-02-02 08:37:29.284319	2021-02-03 03:39:41.258255	\N	\N	f	\N	\N	\N	0
16	Captain Cook Hotel	33-35 Kent St, Millers Point NSW 2000, Australia	-33.8588334	151.2033915	(02) 9247 3786	https://apply.service.nsw.gov.au/covid-safe-check-in-webform/?data=eyJ0IjoiY292aWQxOV9idXNpbmVzcyIsImJpZCI6IjE0OTgxIiwiYm5hbWUiOiJDYXB0YWluIENvb2sgSG90ZWwiLCJiYWRkcmVzcyI6IjMzLTM1IEtlbnQgU3RyZWV0LCBNaWxsZXJzIFBvaW50IE5TVywgQXVzdHJhbGlhIn0=	150	2021-02-02 08:38:02.105293	2021-02-03 03:40:00.895429	\N	\N	f	\N	\N	\N	0
21	Bungalow 8	3 Lime St, Sydney NSW 2000, Australia	-33.8661449	151.2013767	(02) 8322 2006	https://apply.service.nsw.gov.au/covid-safe-check-in-webform/?data=eyJ0IjoiY292aWQxOV9idXNpbmVzcyIsImJpZCI6IjE2NDQ1NyIsImJuYW1lIjoiQnVuZ2Fsb3cgOCIsImJhZGRyZXNzIjoiMyBMaW1lIFN0LCBTeWRuZXkgTlNXIn0=	200	2021-02-02 08:43:39.030669	2021-02-03 03:41:11.991266	\N	\N	f	\N	\N	\N	0
17	House Bar	Level G/35 Barangaroo Ave, Barangaroo NSW 2000, Australia	-33.8655442	151.2015133	(02) 8587 5400	https://apply.service.nsw.gov.au/covid-safe-check-in-webform/?data=eyJ0IjoiY292aWQxOV9idXNpbmVzcyIsImJpZCI6IjEwNTA1NSIsImJuYW1lIjoiQmFyYW5nYXJvbyBIb3VzZSB8IEZ1bmN0aW9ucyAmIEV2ZW50cyIsImJhZGRyZXNzIjoiQmFyYW5nYXJvbyBBdmVudWUsIEJhcmFuZ2Fyb28gTlNXIn0=	200	2021-02-02 08:39:25.448113	2021-02-03 03:40:25.593963	\N	\N	f	\N	\N	\N	0
18	Untied	Lvl 4/400 Barangaroo Ave, Barangaroo NSW 2000, Australia	-33.8655553	151.2019956	(02) 8322 2099	https://apply.service.nsw.gov.au/covid-safe-check-in-webform/?data=eyJ0IjoiY292aWQxOV9idXNpbmVzcyIsImJpZCI6IjExOTA3IiwiYm5hbWUiOiJVbnRpZWQiLCJiYWRkcmVzcyI6IjQwMCBCYXJhbmdhcm9vIEF2ZW51ZSwgQmFyYW5nYXJvbyBOU1csIEF1c3RyYWxpYSJ9	200	2021-02-02 08:40:13.248169	2021-02-03 03:40:48.084099	\N	\N	f	\N	\N	\N	0
14	The Glenmore Hotel	96 Cumberland St, The Rocks NSW 2000, Australia	-33.8586556	151.2074333	(02) 9247 4794	https://apply.service.nsw.gov.au/covid-safe-check-in-webform/?data=eyJ0IjoiY292aWQxOV9idXNpbmVzcyIsImJpZCI6Ijg4NyIsImJuYW1lIjoiVGhlIEdsZW5tb3JlIEhvdGVsIiwiYmFkZHJlc3MiOiI5NiBDdW1iZXJsYW5kIFN0cmVldCwgVGhlIFJvY2tzIE5TVywgQXVzdHJhbGlhIn0=	300	2021-02-02 08:37:00.174618	2021-02-27 03:49:39.043939	\N	0	t	ChIJz66NJ0OuEmsRRA_Dvawy8kI	4.3	t	1
2	York Lane	York Ln, Sydney NSW 2000, Australia	-33.8665191	151.2053962	\N	https://apply.service.nsw.gov.au/covid-safe-check-in-webform/?data=eyJ0IjoiY292aWQxOV9idXNpbmVzcyIsImJpZCI6IjE4MDEyOSIsImJuYW1lIjoiWW9yayBMYW5lIiwiYmFkZHJlc3MiOiI1NiBDbGFyZW5jZSBTdHJlZXQsIFN5ZG5leSBOU1cifQ==	30	2021-02-02 08:18:53.771924	2021-02-27 03:49:39.454604	\N	\N	t	EiNZb3JrIExuLCBTeWRuZXkgTlNXIDIwMDAsIEF1c3RyYWxpYSIuKiwKFAoSCTH7O7hArhJrEeyqDZhC1pyREhQKEgk_mIseQK4SaxHAzDIWaH0BBQ	\N	f	1
26	The Fox Hole	68A Erskine St, Sydney NSW 2000, Australia	-33.8665127	151.2045312	(02) 9279 4369	https://apply.service.nsw.gov.au/covid-safe-check-in-webform/?data=eyJ0IjoiY292aWQxOV9idXNpbmVzcyIsImJpZCI6IjE2NTkyIiwiYm5hbWUiOiJUaGUgRm94IEhvbGUiLCJiYWRkcmVzcyI6IjY4QSBFcnNraW5lIFN0cmVldCwgU3lkbmV5IE5TVywgQXVzdHJhbGlhIn0=	80	2021-02-02 08:52:15.885112	2021-02-27 03:49:39.871211	\N	0	t	ChIJAZtPs0CuEmsRrLWpQXPHzGs	4.3	f	1
13	The Australian Heritage Hotel	100 Cumberland St, The Rocks NSW 2000, Australia	-33.8596555	151.2069952	(02) 9247 2229	https://apply.service.nsw.gov.au/covid-safe-check-in-webform/?data=eyJ0IjoiY292aWQxOV9idXNpbmVzcyIsImJpZCI6Ijg5NCIsImJuYW1lIjoiQXVzdHJhbGlhbiBIZXJpdGFnZSBIb3RlbCIsImJhZGRyZXNzIjoiMTAwIEN1bWJlcmxhbmQgU3RyZWV0LCBUaGUgUm9ja3MgTlNXLCBBdXN0cmFsaWEifQ==	300	2021-02-02 08:36:34.207149	2021-02-27 03:49:40.27782	\N	\N	t	ChIJEdFzHEOuEmsRBIxhVFm8H_U	4.3	t	1
31	Employees Only	9a Barrack St, Sydney NSW 2000, Australia	-33.8677578	151.2060993	(02) 8084 7490	https://apply.service.nsw.gov.au/covid-safe-check-in-webform/?data=eyJ0IjoiY292aWQxOV9idXNpbmVzcyIsImJpZCI6IjExMTYxIiwiYm5hbWUiOiJFbXBsb3llZXMgT25seSIsImJhZGRyZXNzIjoiOUEgQmFycmFjayBTdHJlZXQsIFN5ZG5leSBOU1csIEF1c3RyYWxpYSJ9	100	2021-02-03 03:42:56.702345	2021-02-03 03:42:56.702345	\N	\N	f	\N	\N	\N	0
32	Bellucci Cucina	Upper Podium, 264-278 George St, Sydney NSW 2000, Australia	-33.8651272	151.2080465	(02) 9252 5325	https://apply.service.nsw.gov.au/covid-safe-check-in-webform/?data=eyJ0IjoiY292aWQxOV9idXNpbmVzcyIsImJpZCI6IjE3MTM3OCIsImJuYW1lIjoiQmVsbHVjY2kgQ3VjaW5hICIsImJhZGRyZXNzIjoiMjY0LTI3OCBHZW9yZ2UgU3RyZWV0LCBTeWRuZXkgTlNXIn0=	80	2021-02-03 03:43:32.402039	2021-02-03 03:43:32.402039	\N	\N	f	\N	\N	\N	0
39	The Rook	level 7/56-58 York St, Sydney NSW 2000, Australia	-33.86973	151.2063502	(02) 8322 2008	https://apply.service.nsw.gov.au/covid-safe-check-in-webform/?data=eyJ0IjoiY292aWQxOV9idXNpbmVzcyIsImJpZCI6IjE0NjUzOCIsImJuYW1lIjoiVGhlIFJvb2siLCJiYWRkcmVzcyI6IjU2LTU4IFlvcmsgU3RyZWV0LCBTeWRuZXkgTlNXIn0=	200	2021-02-18 01:44:36.367914	2021-02-18 01:44:36.367914	\N	\N	f	\N	\N	\N	0
40	The Duke of Clarence	Laneway, 152, 156 Clarence St, Sydney NSW 2000, Australia	-33.8695925	151.205592	(02) 8999 3850	https://apply.service.nsw.gov.au/covid-safe-check-in-webform/?data=eyJ0IjoiY292aWQxOV9idXNpbmVzcyIsImJpZCI6IjIzODgzIiwiYm5hbWUiOiJUaGUgRHVrZSBPZiBDbGFyZW5jZSIsImJhZGRyZXNzIjoiMTUyLTE1NiBDbGFyZW5jZSBTdHJlZXQsIFN5ZG5leSBOU1csIEF1c3RyYWxpYSJ9	100	2021-02-18 05:12:22.411564	2021-02-18 05:12:22.411564	\N	\N	f	\N	\N	\N	0
35	Beer DeLuxe King St Wharf	9 Lime St, Sydney NSW 2000, Australia	-33.8662605	151.2014647	(02) 8322 2020	https://apply.service.nsw.gov.au/covid-safe-check-in-webform/?data=eyJ0IjoiY292aWQxOV9idXNpbmVzcyIsImJpZCI6IjExNjYzIiwiYm5hbWUiOiJCZWVyIERlbHV4ZSBTeWRuZXkgKEF1c3RyYWxpYW4gdmVudWUgQ28pIiwiYmFkZHJlc3MiOiI5IExpbWUgU3RyZWV0LCBTeWRuZXkgTlNXLCBBdXN0cmFsaWEifQ==	2000	2021-02-15 03:28:54.369306	2021-02-15 03:29:28.108182	\N	\N	f	\N	\N	\N	0
36	The Office Hotel	299 Erskine St, Sydney NSW 2000, Australia	-33.8667786	151.2046707	(02) 9279 3133	https://apply.service.nsw.gov.au/covid-safe-check-in-webform/?data=eyJ0IjoiY292aWQxOV9idXNpbmVzcyIsImJpZCI6IjE0NDczMiIsImJuYW1lIjoiVGhlIE9mZmljZSBIb3RlbCIsImJhZGRyZXNzIjoiQ25yIEtlbnQgJiBFcnNraW5lIFN0cmVldHMsIFN5ZG5leSBOU1csIEFVU1RSQUxJQSJ9	350	2021-02-15 03:40:57.054781	2021-02-15 03:40:57.054781	\N	\N	f	\N	\N	\N	0
37	Old Mates Place	level 4/199 Clarence St, Sydney NSW 2000, Australia	-33.86959240000001	151.2051103	undefined	https://apply.service.nsw.gov.au/covid-safe-check-in-webform/?data=eyJ0IjoiY292aWQxOV9idXNpbmVzcyIsImJpZCI6IjE1MDE1OCIsImJuYW1lIjoiT2xkIE1hdGUncyBQbGFjZSIsImJhZGRyZXNzIjoiNFwvMTk5IENsYXJlbmNlIFN0cmVldCwgU3lkbmV5IE5TVyJ9	80	2021-02-18 01:43:42.685216	2021-02-18 01:43:42.685216	\N	\N	f	\N	\N	\N	0
43	Spawn Point Small Bar	Basement/199 Clarence St, Sydney NSW 2000, Australia	-33.86959240000001	151.2051103	undefined	https://apply.service.nsw.gov.au/covid-safe-check-in-webform/?data=eyJ0IjoiY292aWQxOV9idXNpbmVzcyIsImJpZCI6IjIyNzM4IiwiYm5hbWUiOiJTcGF3biBQb2ludCBQdHkgTHRkIiwiYmFkZHJlc3MiOiIxOTkgQ2xhcmVuY2UgU3RyZWV0LCBTeWRuZXkgTlNXLCBBdXN0cmFsaWEifQ==	50	2021-02-18 05:13:46.990596	2021-02-18 05:13:46.990596	\N	\N	f	\N	\N	\N	0
38	The Bavarian York St.	24 York St, Sydney NSW 2000, Australia	-33.8682602	151.2061468	(02) 9259 5600	https://apply.service.nsw.gov.au/covid-safe-check-in-webform/?data=eyJ0IjoiY292aWQxOV9idXNpbmVzcyIsImJpZCI6IjEzMTEyNiIsImJuYW1lIjoiQmF2YXJpYW4gWW9yayBTdCIsImJhZGRyZXNzIjoiMjQgWW9yayBTdHJlZXQsIFN5ZG5leSBOU1cifQ==	350	2021-02-18 01:44:09.012861	2021-02-18 01:44:09.012861	\N	\N	f	\N	\N	\N	0
44	Redoak Boutique Beer Cafe	201 Clarence St, Sydney NSW 2000, Australia	-33.8696629	151.205246	(02) 9262 3303	https://apply.service.nsw.gov.au/covid-safe-check-in-webform/?data=eyJ0IjoiY292aWQxOV9idXNpbmVzcyIsImJpZCI6IjE4ODgwIiwiYm5hbWUiOiJSZWRvYWsgQm91dGlxdWUgQmVlciBDYWZlIiwiYmFkZHJlc3MiOiIyMDEgQ2xhcmVuY2UgU3RyZWV0LCBTeWRuZXkgTlNXLCBBdXN0cmFsaWEifQ==	150	2021-02-18 05:14:22.865808	2021-02-18 05:14:22.865808	\N	\N	f	\N	\N	\N	0
45	The Barber Shop	89 York St, Sydney NSW 2000, Australia	-33.869557	151.2059828	(02) 9299 9699	https://apply.service.nsw.gov.au/covid-safe-check-in-webform/?data=eyJ0IjoiY292aWQxOV9idXNpbmVzcyIsImJpZCI6IjIzODY0IiwiYm5hbWUiOiJUaGUgQmFyYmVyIFNob3AiLCJiYWRkcmVzcyI6IjFcLzg5IFlvcmsgU3RyZWV0LCBTeWRuZXkgTlNXLCBBdXN0cmFsaWEifQ==	80	2021-02-18 08:16:34.948173	2021-02-18 08:16:34.948173	\N	\N	f	\N	\N	\N	0
46	Ryan's Bar	264-278 George St, Sydney NSW 2000, Australia	-33.865099	151.2081008	(02) 9252 4369	https://apply.service.nsw.gov.au/covid-safe-check-in-webform/?data=eyJ0IjoiY292aWQxOV9idXNpbmVzcyIsImJpZCI6IjQ2NTQiLCJibmFtZSI6IlJ5YW5zIEJhciIsImJhZGRyZXNzIjoiMjY0LTI3OCBHZW9yZ2UgU3QgU3lkbmV5IE5TVyAyMDAwIEFVU1RSQUxJQSJ9	200	2021-02-19 03:13:42.919015	2021-02-19 03:13:42.919015	\N	\N	f	\N	\N	\N	0
54	The Doss House	77/79 George St, The Rocks NSW 2000, Australia	-33.858775	151.2088611	0457 880 180	https://apply.service.nsw.gov.au/covid-safe-check-in-webform/?data=eyJ0IjoiY292aWQxOV9idXNpbmVzcyIsImJpZCI6IjE1NDY2NyIsImJuYW1lIjoiRURDTyBncm91cCAiLCJiYWRkcmVzcyI6Ijc3IEdlb3JnZSBTdHJlZXQsIFRoZSBSb2NrcyBOU1cifQ==	150	2021-02-23 08:45:29.457228	2021-02-23 08:45:29.457228	\N	\N	f	\N	\N	\N	0
42	Since I Left You (SILY)	338 Kent St, Sydney NSW 2000, Australia	-33.869657	151.204818	(02) 9279 2084	https://apply.service.nsw.gov.au/covid-safe-check-in-webform/?data=eyJ0IjoiY292aWQxOV9idXNpbmVzcyIsImJpZCI6IjIwMTcyIiwiYm5hbWUiOiJTaW5jZSBJIExlZnQgWW91IiwiYmFkZHJlc3MiOiIzMzggS2VudCBTdHJlZXQsIFN5ZG5leSBOU1csIEF1c3RyYWxpYSJ9	120	2021-02-18 05:13:21.147447	2021-02-27 03:49:41.100309	\N	100	t	ChIJM7AQLj-uEmsRqFCcaS_zL-4	4.3	f	1
41	Papa Gede's Bar	348 Kent St, Sydney NSW 2000, Australia	-33.8698515	151.2048769	(02) 9299 5671	https://apply.service.nsw.gov.au/covid-safe-check-in-webform/?data=eyJ0IjoiY292aWQxOV9idXNpbmVzcyIsImJpZCI6IjE3OTcxNCIsImJuYW1lIjoiUGFwYSBHZWRlJ3MgQmFyIiwiYmFkZHJlc3MiOiJMYW5ld2F5IGVudHJhbmNlIDM0OCBLZW50IFN0cmVldCwgU3lkbmV5LCBTeWRuZXkgTlNXLCBBVVNUUkFMSUEifQ==	80	2021-02-18 05:12:55.913451	2021-02-27 03:49:41.517463	\N	0	t	ChIJ3SS9Lj-uEmsRrVS7u1OEV_0	4.8	f	1
30	Fortune of War	137 George St, The Rocks NSW 2000, Australia	-33.8603744	151.2084656	(02) 9247 2714	https://apply.service.nsw.gov.au/covid-safe-check-in-webform/?data=eyJ0IjoiY292aWQxOV9idXNpbmVzcyIsImJpZCI6IjExOTkwNSIsImJuYW1lIjoiRm9ydHVuZSBPZiBXYXIgSG90ZWwiLCJiYWRkcmVzcyI6IjEzNyBHZW9yZ2UgU3QsIFRoZSBSb2NrcyBOU1cifQ==	250	2021-02-03 03:42:24.468567	2021-02-27 03:49:41.942006	\N	0	t	ChIJNbpd8kKuEmsRBZKmQcttLg0	4.3	f	1
1	Harts Pub	Essex St &, Gloucester St, The Rocks NSW 2000, Australia	-33.8617169	151.2064254	(02) 9251 6030	https://apply.service.nsw.gov.au/covid-safe-check-in-webform/?data=eyJ0IjoiY292aWQxOV9idXNpbmVzcyIsImJpZCI6Ijc3MDgiLCJibmFtZSI6IkhhcnRzIFB1YiIsImJhZGRyZXNzIjoiMTc2IEN1bWJlcmxhbmQgU3RyZWV0LCBUaGUgUm9ja3MgTlNXLCBBdXN0cmFsaWEifQ==	200	2021-02-02 06:01:31.961581	2021-02-27 03:49:42.344473	\N	0	t	ChIJsyWauUOuEmsRTV8K0-nEo6Y	4.3	t	1
51	Argyle Bar	3 Argyle Pl, Millers Point NSW 2000, Australia	-33.8583979	151.2029106	\N	https://apply.service.nsw.gov.au/covid-safe-check-in-webform/?data=eyJ0IjoiY292aWQxOV9idXNpbmVzcyIsImJpZCI6IjEzMDQ0NSIsImJuYW1lIjoiQXJneWxlIEJhciIsImJhZGRyZXNzIjoiMy01IEFyZ3lsZSBQbGFjZSwgTWlsbGVycyBQb2ludCBOU1cifQ==	60	2021-02-23 03:35:01.274625	2021-02-27 03:49:42.751296	\N	\N	t	ChIJ0xURwESuEmsRezM_WOqb6E4	3.6	f	1
47	Cargo Bar	Darling Harbour, King Street Wharf, 52-60 The Promenade, Sydney NSW 2000, Australia	-33.8686497	151.2018197	(02) 8322 2005	https://apply.service.nsw.gov.au/covid-safe-check-in-webform/?data=eyJ0IjoiY292aWQxOV9idXNpbmVzcyIsImJpZCI6IjExODA5IiwiYm5hbWUiOiJDYXJnbyBCYXIiLCJiYWRkcmVzcyI6IjUyIExpbWUgU3RyZWV0LCBTeWRuZXkgTlNXLCBBdXN0cmFsaWEifQ==	200	2021-02-22 02:54:59.732676	2021-02-22 02:54:59.732676	\N	\N	f	\N	\N	\N	0
48	Helm Bar & Bistro	Aquarium Wharf, 7 Wheat Rd, Sydney NSW 2000, Australia	-33.870619	151.202648	(02) 9290 1571	https://apply.service.nsw.gov.au/covid-safe-check-in-webform/?data=eyJ0IjoiY292aWQxOV9idXNpbmVzcyIsImJpZCI6IjE1MjExIiwiYm5hbWUiOiJIZWxtIEJhciAmIEJpc3RybyIsImJhZGRyZXNzIjoiNyBXaGVhdCBSb2FkLCBTeWRuZXkgTlNXLCBBdXN0cmFsaWEifQ==	150	2021-02-22 03:00:25.10835	2021-02-22 03:00:25.10835	\N	\N	f	\N	\N	\N	0
49	The Sporting Globe x 4 Pines	King Street Wharf, 22 The Promenade, Sydney NSW 2000, Australia	-33.8671972	151.2016048	(02) 4006 3281	https://apply.service.nsw.gov.au/covid-safe-check-in-webform/?data=eyJ0IjoiY292aWQxOV9idXNpbmVzcyIsImJpZCI6IjE1MzkwOCIsImJuYW1lIjoiVGhlIFNwb3J0aW5nIEdsb2JlIEtpbmcgU3RyZWV0IFdoYXJmICIsImJhZGRyZXNzIjoiMjIgVGhlIFByb21lbmFkZSwgU3lkbmV5IE5TVyJ9	200	2021-02-22 03:01:12.971403	2021-02-22 03:01:12.971403	\N	\N	f	\N	\N	\N	0
50	King Street Wharf	The Promenade, Lime St, Sydney NSW 2000, Australia	-33.86754659999999	151.2013849	undefined	https://apply.service.nsw.gov.au/covid-safe-check-in-webform/?data=eyJ0IjoiY292aWQxOV9idXNpbmVzcyIsImJpZCI6IjIxMTE0MSIsImJuYW1lIjoiQVMgTGVhc2UgSG9sZGluZ3MgUHR5IEx0ZCIsImJhZGRyZXNzIjoiMjZBIExpbWUgU3RyZWV0LCBTeWRuZXkgTlNXIDIwMDAifQ==	200	2021-02-22 03:03:26.547156	2021-02-22 03:03:26.547156	\N	\N	f	\N	\N	\N	0
52	The Hero of Waterloo	81 Lower Fort St, Millers Point NSW 2000, Australia	-33.85774250000001	151.2057952	(02) 9252 4553	https://apply.service.nsw.gov.au/covid-safe-check-in-webform/?data=eyJ0IjoiY292aWQxOV9idXNpbmVzcyIsImJpZCI6IjE5NDEwIiwiYm5hbWUiOiJUaGUgSGVybyBvZiBXYXRlcmxvbyIsImJhZGRyZXNzIjoiODEgTG93ZXIgRm9ydCBTdHJlZXQsIE1pbGxlcnMgUG9pbnQgTlNXLCBBdXN0cmFsaWEifQ==	150	2021-02-23 03:37:09.515841	2021-02-23 03:37:09.515841	\N	\N	f	\N	\N	\N	0
53	The Grand Hotel	30 Hunter St, Sydney NSW 2000, Australia	-33.8655712	151.2082752	(02) 9232 3755	https://apply.service.nsw.gov.au/covid-safe-check-in-webform/?data=eyJ0IjoiY292aWQxOV9idXNpbmVzcyIsImJpZCI6IjE1MzE2IiwiYm5hbWUiOiJUaGUgR3JhbmQgSG90ZWwiLCJiYWRkcmVzcyI6IjMwIEh1bnRlciBTdCwgU3lkbmV5IE5TVyAyMDAwLCBBdXN0cmFsaWEifQ==	200	2021-02-23 03:38:05.33462	2021-02-23 03:38:05.33462	\N	\N	f	\N	\N	\N	0
7	18 York St	18 York St, Sydney NSW 2000, Australia	-33.8680425	151.2061875	\N	https://apply.service.nsw.gov.au/covid-safe-check-in-webform/?data=eyJ0IjoiY292aWQxOV9idXNpbmVzcyIsImJpZCI6IjIwMTU5OSIsImJuYW1lIjoiUHJpbmNlIG9mIFlvcmsgIiwiYmFkZHJlc3MiOiIxOCBZb3JrIFN0cmVldCwgU3lkbmV5IE5TVyJ9	150	2021-02-02 08:31:51.71546	2021-02-27 03:49:38.632727	\N	\N	f	ChIJob7jYT-uEmsRWd9wWokxUjQ	\N	f	1
34	The Captains Balcony	46 Erskine St, Sydney NSW 2000, Australia	-33.8666424	151.2036552	(02) 9299 3526	https://apply.service.nsw.gov.au/covid-safe-check-in-webform/?data=eyJ0IjoiY292aWQxOV9idXNpbmVzcyIsImJpZCI6Ijc1NzIwIiwiYm5hbWUiOiJUaGUgQ2FwdGFpbnMgQmFsY29ueSIsImJhZGRyZXNzIjoiNDYgRXJza2luZSBTdHJlZXQsIFN5ZG5leSBOU1cifQ==	60	2021-02-03 03:50:33.454098	2021-02-27 03:49:40.688769	\N	\N	t	ChIJ2eAQUEeuEmsRcLznK5EjcsA	4.5	f	1
\.


--
-- Data for Name: indices; Type: TABLE DATA; Schema: public; Owner: postgres
--

COPY public.indices (id, created_at, updated_at) FROM stdin;
\.


--
-- Data for Name: patrons; Type: TABLE DATA; Schema: public; Owner: postgres
--

COPY public.patrons (id, first_name, phone_number, waitlist, company_id, created_at, updated_at) FROM stdin;
1	Jamie	+61449 947 731	f	1	2021-02-15 01:06:23.547394	2021-02-15 01:06:32.31916
2	Jamie	+61449 947 731	f	1	2021-02-15 02:20:58.13223	2021-02-15 02:21:06.660059
3	Jamie	+61449 947 731	f	1	2021-02-15 04:10:11.949497	2021-02-15 04:10:22.802099
4	Jamie	+61449 947 731	f	1	2021-02-15 04:26:47.944721	2021-02-15 04:26:53.021472
5	Jamie	+61449 947 731	f	1	2021-02-15 04:40:45.090258	2021-02-15 04:40:49.012094
6	Peter	+61419236685	f	1	2021-02-16 00:13:11.140877	2021-02-16 00:13:21.5869
8	Jamie	+61449 947 731	f	1	2021-02-17 06:25:27.343774	2021-02-17 06:25:30.73355
7			f	1	2021-02-17 06:25:23.258117	2021-02-17 06:25:31.574676
9	Jamie	+61449 947 731	f	1	2021-02-19 04:13:55.482692	2021-02-19 04:14:01.646027
10	Jamie	+61449 947 731	f	1	2021-02-24 02:59:27.697368	2021-02-24 03:00:08.739265
11	Jamie	+61449 947 731	f	41	2021-02-24 03:03:46.447333	2021-02-24 03:04:01.067271
12	Jamie	+61449 947 731	f	30	2021-02-24 04:08:24.354666	2021-02-24 04:08:30.867059
14	Hugh	+61414143336	f	1	2021-02-24 23:12:01.815216	2021-02-24 23:12:07.687877
13	Hugh	+61414143336	f	1	2021-02-24 23:12:00.664631	2021-02-24 23:12:08.643474
15	Lincoln	+61411133583	f	1	2021-02-25 02:16:15.184074	2021-02-25 02:16:24.598487
16	Jamie	+61449 947 731	f	14	2021-02-25 02:27:34.047037	2021-02-25 02:27:49.68591
17	Jamie	+61449 947 731	f	1	2021-02-25 05:01:45.463597	2021-02-25 05:01:50.868871
18	Jamie	+61449 947 731	f	26	2021-02-26 00:52:23.010201	2021-02-26 00:53:09.728493
19	Jamie	+61449 947 731	f	26	2021-02-26 00:54:14.479719	2021-02-26 00:54:54.833221
\.


--
-- Data for Name: schema_migrations; Type: TABLE DATA; Schema: public; Owner: postgres
--

COPY public.schema_migrations (version) FROM stdin;
20210106063440
20210106064123
20210106071944
20210106083908
20210106084223
20210106090155
20210106094048
20210114224845
20210117230124
20210119012154
20210119051846
20210225034638
20210225052157
20210226235337
20210227034536
\.


--
-- Data for Name: users; Type: TABLE DATA; Schema: public; Owner: postgres
--

COPY public.users (id, email, encrypted_password, reset_password_token, reset_password_sent_at, remember_created_at, created_at, updated_at, admin, company_id) FROM stdin;
1	jamieandrei@gmail.com	$2a$12$NtO2MUcC0NGIj0kpa3MjaeMb2G/BBu.v49cmbfsaR6xFYOOvWWWwG	\N	\N	\N	2021-02-02 05:21:27.378881	2021-02-02 05:21:27.378881	t	\N
2	ben@hartspub.com.au	$2a$12$f64Nva4Rz4RgH0F4pUlVdePhCSWyywcYlB5qH7tS6epbI5zUBJNhq	\N	\N	\N	2021-02-02 10:12:57.965833	2021-02-02 10:12:57.965833	\N	1
3	dieter@aceracers.com	$2a$12$qApyZypidq.2omH7q.TaNuT6kboYp3QAbk2VEAgC76iBvZ2PxNVNK	\N	\N	\N	2021-02-03 02:21:24.492139	2021-02-03 02:21:24.492139	\N	2
4	events@thecaptainsbalcony.com.au	$2a$12$jdXwbMy/dbgyuO/3Ejy.x.KoMoPFqcwmXqJ77d/msZT9eDA78Eq5.	\N	\N	\N	2021-02-16 01:25:11.73217	2021-02-16 01:25:11.73217	\N	34
6	hgillroy@australianheritagehotel.com	$2a$12$kgDkSdxR0ytBeix0y9OvgOCr8EIoVMHFC7X6DUQbPMoV/6Nrsi0Pe	\N	\N	\N	2021-02-17 07:07:09.836336	2021-02-17 07:07:09.836336	\N	13
11	sam@argylebar.com.au	$2a$12$L7aX/A76YZmiDzlFA1djney2A12Hb7badTDE7K/AghTpwswQpJaaa	\N	\N	\N	2021-02-23 03:35:23.114584	2021-02-23 03:35:23.114584	\N	51
8	sspeed@wdshotels.com.au	$2a$12$TnO6UcI8IhuWGVL0mJMynOQZiBi593eISTpqaTvq0frd0jb3ssfw6	\N	\N	\N	2021-02-17 22:36:10.239448	2021-02-24 04:48:33.112702	\N	30
5	lbaker@theglenmore.com.au	$2a$12$a6nYD3mJnws7d134DNonbeOZJVWH249/j2eMzRBIsHtfU4fY6AMt.	\N	\N	2021-02-25 02:24:02.197715	2021-02-17 07:03:55.789071	2021-02-25 02:24:02.198158	\N	14
10	info@sinceileftyou.com.au	$2a$12$dA.hbJ4dvBQyjl5u98uYNeF8wrwPsOADax0yOcPd7n71sWIvzU2JO	\N	\N	2021-02-25 05:09:22.033461	2021-02-23 03:24:17.948168	2021-02-25 05:09:22.033977	\N	42
9	michael@papagedes.com	$2a$12$UIkNTgBK3vPTSdBHpTaXNOy5juEW5lDPDGFSpXjdYTa1wRDRLLeV2	\N	\N	\N	2021-02-19 02:02:59.390247	2021-02-25 08:03:35.23941	\N	41
7	james@thefoxhole.com.au	$2a$12$J4ssIRHTt21eh4tR.2iuXOZSysuU2vt.hdKdO7PLHQm3lt8WEDMVC	\N	\N	2021-02-26 00:46:49.583616	2021-02-17 07:48:30.477356	2021-02-26 00:46:49.584052	\N	26
\.


--
-- Data for Name: venues; Type: TABLE DATA; Schema: public; Owner: postgres
--

COPY public.venues (id, company_id, created_at, updated_at) FROM stdin;
\.


--
-- Name: audits_id_seq; Type: SEQUENCE SET; Schema: public; Owner: postgres
--

SELECT pg_catalog.setval('public.audits_id_seq', 324, true);


--
-- Name: companies_id_seq; Type: SEQUENCE SET; Schema: public; Owner: postgres
--

SELECT pg_catalog.setval('public.companies_id_seq', 54, true);


--
-- Name: indices_id_seq; Type: SEQUENCE SET; Schema: public; Owner: postgres
--

SELECT pg_catalog.setval('public.indices_id_seq', 1, false);


--
-- Name: patrons_id_seq; Type: SEQUENCE SET; Schema: public; Owner: postgres
--

SELECT pg_catalog.setval('public.patrons_id_seq', 19, true);


--
-- Name: users_id_seq; Type: SEQUENCE SET; Schema: public; Owner: postgres
--

SELECT pg_catalog.setval('public.users_id_seq', 11, true);


--
-- Name: venues_id_seq; Type: SEQUENCE SET; Schema: public; Owner: postgres
--

SELECT pg_catalog.setval('public.venues_id_seq', 1, false);


--
-- Name: ar_internal_metadata ar_internal_metadata_pkey; Type: CONSTRAINT; Schema: public; Owner: postgres
--

ALTER TABLE ONLY public.ar_internal_metadata
    ADD CONSTRAINT ar_internal_metadata_pkey PRIMARY KEY (key);


--
-- Name: audits audits_pkey; Type: CONSTRAINT; Schema: public; Owner: postgres
--

ALTER TABLE ONLY public.audits
    ADD CONSTRAINT audits_pkey PRIMARY KEY (id);


--
-- Name: companies companies_pkey; Type: CONSTRAINT; Schema: public; Owner: postgres
--

ALTER TABLE ONLY public.companies
    ADD CONSTRAINT companies_pkey PRIMARY KEY (id);


--
-- Name: indices indices_pkey; Type: CONSTRAINT; Schema: public; Owner: postgres
--

ALTER TABLE ONLY public.indices
    ADD CONSTRAINT indices_pkey PRIMARY KEY (id);


--
-- Name: patrons patrons_pkey; Type: CONSTRAINT; Schema: public; Owner: postgres
--

ALTER TABLE ONLY public.patrons
    ADD CONSTRAINT patrons_pkey PRIMARY KEY (id);


--
-- Name: schema_migrations schema_migrations_pkey; Type: CONSTRAINT; Schema: public; Owner: postgres
--

ALTER TABLE ONLY public.schema_migrations
    ADD CONSTRAINT schema_migrations_pkey PRIMARY KEY (version);


--
-- Name: users users_pkey; Type: CONSTRAINT; Schema: public; Owner: postgres
--

ALTER TABLE ONLY public.users
    ADD CONSTRAINT users_pkey PRIMARY KEY (id);


--
-- Name: venues venues_pkey; Type: CONSTRAINT; Schema: public; Owner: postgres
--

ALTER TABLE ONLY public.venues
    ADD CONSTRAINT venues_pkey PRIMARY KEY (id);


--
-- Name: index_patrons_on_company_id; Type: INDEX; Schema: public; Owner: postgres
--

CREATE INDEX index_patrons_on_company_id ON public.patrons USING btree (company_id);


--
-- Name: index_users_on_company_id; Type: INDEX; Schema: public; Owner: postgres
--

CREATE INDEX index_users_on_company_id ON public.users USING btree (company_id);


--
-- Name: index_users_on_email; Type: INDEX; Schema: public; Owner: postgres
--

CREATE UNIQUE INDEX index_users_on_email ON public.users USING btree (email);


--
-- Name: index_users_on_reset_password_token; Type: INDEX; Schema: public; Owner: postgres
--

CREATE UNIQUE INDEX index_users_on_reset_password_token ON public.users USING btree (reset_password_token);


--
-- Name: index_venues_on_company_id; Type: INDEX; Schema: public; Owner: postgres
--

CREATE INDEX index_venues_on_company_id ON public.venues USING btree (company_id);


--
-- Name: venues fk_rails_077040617e; Type: FK CONSTRAINT; Schema: public; Owner: postgres
--

ALTER TABLE ONLY public.venues
    ADD CONSTRAINT fk_rails_077040617e FOREIGN KEY (company_id) REFERENCES public.companies(id);


--
-- Name: users fk_rails_7682a3bdfe; Type: FK CONSTRAINT; Schema: public; Owner: postgres
--

ALTER TABLE ONLY public.users
    ADD CONSTRAINT fk_rails_7682a3bdfe FOREIGN KEY (company_id) REFERENCES public.companies(id);


--
-- Name: patrons fk_rails_8daea21f63; Type: FK CONSTRAINT; Schema: public; Owner: postgres
--

ALTER TABLE ONLY public.patrons
    ADD CONSTRAINT fk_rails_8daea21f63 FOREIGN KEY (company_id) REFERENCES public.companies(id);


--
-- PostgreSQL database dump complete
--
